{
  "dataset": "rsa-155",
  "n_value": 10403,
  "engine": "sobol_owen",
  "bias_mode": "theta_prime",
  "n_samples": 1000,
  "n_replicates": 100,
  "alpha": 0.1,
  "sigma_ms": 50,
  "delta_unique": {
    "mean": -5.75,
    "ci_low": -6.17,
    "ci_high": -5.33,
    "pct": -2.895121091586526
  },
  "delta_steps": {
    "mean": 0.0,
    "ci_low": NaN,
    "ci_high": NaN,
    "pct": 0.0
  },
  "baseline_metrics": {
    "mean_unique": 198.61,
    "std_unique": 1.1823282116231517,
    "mean_time": 0.00010607004165649414
  },
  "policy_metrics": {
    "mean_unique": 192.86,
    "std_unique": 1.7493998971075766,
    "mean_time": 0.004728984832763672
  },
  "z_metrics_baseline": {
    "method": "mc_baseline",
    "n_samples": 1000.0,
    "dimensions": 1.0,
    "discrepancy": 0.5719440532080099,
    "unique_rate": 0.198,
    "mean_kappa": 5.791993710456382,
    "savings_estimate": 3.5778657935235127
  },
  "z_metrics_policy": {
    "method": "sobol_owen_theta_prime",
    "n_samples": 1000.0,
    "dimensions": 1.0,
    "discrepancy": 0.5880191323417848,
    "unique_rate": 0.194,
    "mean_kappa": 5.791993710456382,
    "savings_estimate": 3.5778657935235127
  },
  "execution_time": 0.5778586864471436
}